,H3BO3,K2SO4,K2HPO4,FeSO4,NH4Cl,MgCl2,NaCl,(NH4)6Mo7O24,CoCl2,CuSO4,MnSO4,ZnSO4
A1,0.004,0.29,1.32,0.01,9.52,0.52,50,0.00003,0.0003,0.0001,0.0008,0.0001
B1,0.004,0.29,1.32,0.01,9.52,0.52,50,0.00003,0.0003,0.0001,0.0008,0.0001
C1,0.004,0.29,1.32,0.01,9.52,0.52,50,0.00003,0.0003,0.0001,0.0008,0.0001
D1,0.004,0.29,1.32,0.01,9.52,0.52,50,0.00003,0.0003,0.0001,0.0008,0.0001
E1,0.004,0.29,1.32,0.01,9.52,0.52,50,0.00003,0.0003,0.0001,0.0008,0.0001
F1,0.004,0.29,1.32,0.01,9.52,0.52,50,0.00003,0.0003,0.0001,0.0008,0.0001
A2,0.004,0.29,1.32,0.01,9.52,0.52,50,0.00003,0.0003,0.0001,0.0008,0.0001
B2,0.004,0.29,1.32,0.01,9.52,0.52,50,0.00003,0.0003,0.0001,0.0008,0.0001
C2,0.004,0.29,1.32,0.01,9.52,0.52,50,0.00003,0.0003,0.0001,0.0008,0.0001
D2,0.004,0.29,1.32,0.01,9.52,0.52,50,0.00003,0.0003,0.0001,0.0008,0.0001
E2,0.004,0.29,1.32,0.01,9.52,0.52,50,0.00003,0.0003,0.0001,0.0008,0.0001
F2,0.004,0.29,1.32,0.01,9.52,0.52,50,0.00003,0.0003,0.0001,0.0008,0.0001
A3,0.004,0.29,1.32,0.01,9.52,0.52,50,0.00003,0.0003,0.0001,0.0008,0.0001
B3,0.004,0.29,1.32,0.01,9.52,0.52,50,0.00003,0.0003,0.0001,0.0008,0.0001
C3,0.004,0.29,1.32,0.01,9.52,0.52,50,0.00003,0.0003,0.0001,0.0008,0.0001
D3,0.004,0.29,1.32,0.01,9.52,0.52,50,0.00003,0.0003,0.0001,0.0008,0.0001
E3,0.004,0.29,1.32,0.01,9.52,0.52,50,0.00003,0.0003,0.0001,0.0008,0.0001
F3,0.004,0.29,1.32,0.01,9.52,0.52,50,0.00003,0.0003,0.0001,0.0008,0.0001
A4,0.004,0.29,1.32,0.01,9.52,0.52,50,0.00003,0.0003,0.0001,0.0008,0.0001
B4,0.004,0.29,1.32,0.01,9.52,0.52,50,0.00003,0.0003,0.0001,0.0008,0.0001
C4,0.004,0.29,1.32,0.01,9.52,0.52,50,0.00003,0.0003,0.0001,0.0008,0.0001
D4,0.004,0.29,1.32,0.01,9.52,0.52,50,0.00003,0.0003,0.0001,0.0008,0.0001
E4,0.004,0.29,1.32,0.01,9.52,0.52,50,0.00003,0.0003,0.0001,0.0008,0.0001
F4,0.004,0.29,1.32,0.01,9.52,0.52,50,0.00003,0.0003,0.0001,0.0008,0.0001