Variable,Min,Max
H3BO3,0.0004,0.04
K2SO4,0.029,2.9
K2HPO4,0.264,6.6000000000000005
FeSO4,0.001,0.1
NH4Cl,6.346667,14.28
MgCl2,0.052,5.2
NaCl,5.0,500.0
(NH4)6Mo7O24,3e-06,0.00030000000000000003
CoCl2,3e-05,0.0029999999999999996
CuSO4,1e-05,0.001
MnSO4,8e-05,0.008
ZnSO4,1e-05,0.001
